{
  "web": {
    "client_id": "81803335924-lf9nd6pk1duqq09mgpb23fe4s239ak29.apps.googleusercontent.com",
    "project_id": "pixceltest-419612",
    "auth_uri": "https://accounts.google.com/o/oauth2/auth",
    "token_uri": "https://oauth2.googleapis.com/token",
    "auth_provider_x509_cert_url": "https://www.googleapis.com/oauth2/v1/certs",
    "client_secret": "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",
    "redirect_uris": [
      "http://saipraveen21.tech/",
      "http://saipraveen21.tech/callback",
      "http://saipraveen21.tech:5000",
      "http://saipraveen21.tech:8000",
      "http://saipraveen21.tech:5000/callback",
      "http://saipraveen21.tech:8000/callback",
      "http://localhost:5000",
      "http://127.0.0.1:5000",
      "http://localhost:5000/callback",
      "http://127.0.0.1:5000/callback",
      "http://localhost:8000/callback",
      "http://127.0.0.1:8080/callback",
      "http://127.0.0.1:8000",
      "http://localhost:8000"
    ]
  }
}

