{
  "responces": {
    "login issues": {
      "responce": "Sorry for in convience! you can solve the login issues problem by following the steps  https://bhagavath11.github.io/feedback/"
    },
    "site issue": {
      "responce": "Sorry for in convience! you can solve the site issue problem by following the steps https://bhagavath11.github.io/feedback/"
    },
    "class3": {
      "responce": "Sorry for in convience! you can solve the class3 problem by following the steps https://bhagavath11.github.io/feedback/"
    },
    "class4": {
      "responce": "Sorry for in convience! you can solve the class4 problem by following the steps https://bhagavath11.github.io/feedback/"
    },
    "class5": {
      "responce": "Sorry for in convience! you can solve the class5 problem by following the steps https://bhagavath11.github.io/feedback/"
    }
  }
}
