{
    "mails": [
        {
            "id": "18ed6a1cf8d6f6f2",
            "threadId": "18ed6a1cf8d6f6f2"
        },
        {
            "id": "18ed6a1cf8d6f6hr",
            "threadId": "18ed6a1cf8d6f6hr"
        },
        {
            "id": "18ed8355e29e76db",
            "threadId": "18ed8355e29e76db"
        },
        {
            "id": "18ed85b28a680b37",
            "threadId": "18ed85b28a680b37"
        },
        {
            "id": "18ed88c6630e5db3",
            "threadId": "18ed88c6630e5db3"
        },
        {
            "id": "18ed891c7afcc391",
            "threadId": "18ed891c7afcc391"
        },
        {
            "id": "18ed894e6641abc6",
            "threadId": "18ed894e6641abc6"
        },
        {
            "id": "18ed898249f5d4ad",
            "threadId": "18ed898249f5d4ad"
        },
        {
            "id": "18ed8d3e4db69331",
            "threadId": "18ed8d3e4db69331"
        },
        {
            "id": "18ed9d29432685c5",
            "threadId": "18ed9d29432685c5"
        },
        {
            "id": "18eda552a3d5a9ec",
            "threadId": "18eda552a3d5a9ec"
        },
        {
            "id": "18edab299621b0b4",
            "threadId": "18edab299621b0b4"
        },
        {
            "id": "18edab50e8b57277",
            "threadId": "18edab50e8b57277"
        },
        {
            "id": "18edab8c4673a544",
            "threadId": "18edab8c4673a544"
        },
        {
            "id": "18edabab1f0ddaee",
            "threadId": "18edabab1f0ddaee"
        },
        {
            "id": "18edac251b406287",
            "threadId": "18edac251b406287"
        },
        {
            "id": "18edacb2a1531edf",
            "threadId": "18edacb2a1531edf"
        },
        {
            "id": "18edacc6331ca65a",
            "threadId": "18edacc6331ca65a"
        },
        {
            "id": "18edfde52b988796",
            "threadId": "18edfde52b988796"
        },
        {
            "id": "18edff3988efc871",
            "threadId": "18edff3988efc871"
        },
        {
            "id": "18ee09685ee060e8",
            "threadId": "18ee09685ee060e8"
        }
    ]
}